name,tissue,stage,sex,day,treatment
blu-o-x-ATLAS_female_gonad_control,gonad,control,female,control,normal
blu-o-x-ATLAS_female_hypothalamus_control,hypo,control,female,control,normal
blu-o-x-ATLAS_female_pituitary_control,pit,control,female,control,normal
g-x-ATLAS_female_gonad_control,gonad,control,female,control,normal
L-Blu13_male_gonad_control.NYNO,gonad,control,male,control,normal
L-Blu13_male_hypothalamus_control.NYNO,hypo,control,male,control,normal
L-Blu13_male_pituitary_control.NYNO,pit,control,male,control,normal
L-G107_male_gonad_control,gonad,control,male,control,normal
L-G107_male_hypothalamus_control,hypo,control,male,control,normal
L-G107_male_pituitary_control,pit,control,male,control,normal
L-G118_female_gonad_control,gonad,control,female,control,normal
L-G118_female_hypothalamus_control.NYNO,hypo,control,female,control,normal
L-G118_female_pituitary_control.NYNO,pit,control,female,control,normal
L-R3_male_gonad_control.NYNO,gonad,control,male,control,normal
L-R3_male_hypothalamus_control,hypo,control,male,control,normal
L-R3_male_pituitary_control.NYNO,pit,control,male,control,normal
L-R8_male_gonad_control,gonad,control,male,control,normal
L-R8_male_hypothalamus_control,hypo,control,male,control,normal
L-R8_male_pituitary_control,pit,control,male,control,normal
L-W3_male_gonad_control.NYNO,gonad,control,male,control,normal
L-W3_male_hypothalamus_control,hypo,control,male,control,normal
L-W3_male_pituitary_control,pit,control,male,control,normal
L-W33_male_gonad_control,gonad,control,male,control,normal
L-W33_male_hypothalamus_control.NYNO,hypo,control,male,control,normal
L-W33_male_pituitary_control,pit,control,male,control,normal
L-W4_male_gonad_control.NYNO,gonad,control,male,control,normal
L-W4_male_hypothalamus_control,hypo,control,male,control,normal
L-W4_male_pituitary_control,pit,control,male,control,normal
R-G106_female_gonad_control,gonad,control,female,control,normal
R-G106_female_hypothalamus_control,hypo,control,female,control,normal
R-G106_female_pituitary_control,pit,control,female,control,normal
r-r-x-ATLAS_female_gonad_control,gonad,control,female,control,normal
r-r-x-ATLAS_female_hypothalamus_control,hypo,control,female,control,normal
r-r-x-ATLAS_female_pituitary_control,pit,control,female,control,normal
r-r-x-ATLAS-R2XR_female_gonad_control,gonad,control,female,control,normal
r-r-x-ATLAS-R2XR_female_hypothalamus_control,hypo,control,female,control,normal
r-r-x-ATLAS-R2XR_female_pituitary_control,pit,control,female,control,normal
R-R20_female_gonad_control,gonad,control,female,control,normal
R-R20_female_hypothalamus_control.NYNO,hypo,control,female,control,normal
R-R20_female_pituitary_control,pit,control,female,control,normal
R-R9_female_gonad_control,gonad,control,female,control,normal
R-R9_female_hypothalamus_control,hypo,control,female,control,normal
R-R9_female_pituitary_control.NYNO,pit,control,female,control,normal
R-W44_female_gonad_control,gonad,control,female,control,normal
R-W44_female_hypothalamus_control,hypo,control,female,control,normal
R-W44_female_pituitary_control.NYNO,pit,control,female,control,normal
R-Y108-W29_male_gonad_control,gonad,control,male,control,normal
R-Y108-W29_male_hypothalamus_control.NYNO,hypo,control,male,control,normal
R-Y108-W29_male_pituitary_control,pit,control,male,control,normal
r6-x_female_gonad_control.NYNO,gonad,control,female,control,normal
r6-x_female_hypothalamus_control.NYNO,hypo,control,female,control,normal
r6-x_female_pituitary_control,pit,control,female,control,normal
s-x-ATLAS_female_gonad_control,gonad,control,female,control,normal
s-x-ATLAS_female_hypothalamus_control,hypo,control,female,control,normal
s-x-ATLAS_female_pituitary_control,pit,control,female,control,normal
w191-r1_female_gonad_control,gonad,control,female,control,normal
w191-r1_female_hypothalamus_control,hypo,control,female,control,normal
w191-r1_female_pituitary_control,pit,control,female,control,normal
x-blk-blk-ATLAS_male_gonad_control,gonad,control,male,control,normal
x-blk-blk-ATLAS_male_hypothalamus_control,hypo,control,male,control,normal
x-blk-blk-ATLAS_male_pituitary_control,pit,control,male,control,normal
x-blu-o-ATLAS_male_pituitary_control,pit,control,male,control,normal
x-g-ATLAS_male_gonad_control,gonad,control,male,control,normal
x-g-ATLAS_male_hypothalamus_control,hypo,control,male,control,normal
x-g-ATLAS_male_pituitary_control,pit,control,male,control,normal
x-g-g-ATLAS_female_gonad_control,gonad,control,female,control,normal
x-g-g-ATLAS_male_gonad_control,gonad,control,male,control,normal
x-g-g-ATLAS_male_hypothalamus_control,hypo,control,male,control,normal
x-g-g-ATLAS_male_pituitary_control,pit,control,male,control,normal
x-g-g-g-ATLAS_male_gonad_control,gonad,control,male,control,normal
x-g-g-g-ATLAS_male_pituitary_control,pit,control,male,control,normal
x-y-s-ATLAS_male_gonad_control,gonad,control,male,control,normal
x-y-s-ATLAS_male_pituitary_control,pit,control,male,control,normal
blk11-x_female_gonad_bldg,gonad,bldg,female,D0,normal
blk11-x_female_hypothalamus_bldg,hypo,bldg,female,D0,normal
blk11-x_female_pituitary_bldg,pit,bldg,female,D0,normal
blu114-r38-w198_male_gonad_bldg,gonad,bldg,male,D0,normal
blu114-r38-w198_male_hypothalamus_bldg,hypo,bldg,male,D0,normal
blu114-r38-w198_male_pituitary_bldg,pit,bldg,male,D0,normal
blu33-y88-x_male_gonad_bldg,gonad,bldg,male,D0,normal
blu33-y88-x_male_hypothalamus_bldg,hypo,bldg,male,D0,normal
blu33-y88-x_male_pituitary_bldg,pit,bldg,male,D0,normal
blu38-g135-x_female_gonad_bldg,gonad,bldg,female,D0,normal
blu38-g135-x_female_hypothalamus_bldg,hypo,bldg,female,D0,normal
blu38-g135-x_female_pituitary_bldg,pit,bldg,female,D0,normal
g104-w82-x_male_gonad_bldg,gonad,bldg,male,D0,normal
g104-w82-x_male_hypothalamus_bldg,hypo,bldg,male,D0,normal
g104-w82-x_male_pituitary_bldg,pit,bldg,male,D0,normal
g141-blu27-x_female_gonad_bldg,gonad,bldg,female,D0,normal
g141-blu27-x_female_hypothalamus_bldg,hypo,bldg,female,D0,normal
g141-blu27-x_female_pituitary_bldg,pit,bldg,female,D0,normal
g52-blu58_male_gonad_bldg,gonad,bldg,male,D0,normal
g52-blu58_male_hypothalamus_bldg,hypo,bldg,male,D0,normal
g52-blu58_male_pituitary_bldg,pit,bldg,male,D0,normal
l-s120-y-blk_female_gonad_bldg,gonad,bldg,female,D0,normal
l-s120-y-blk_female_hypothalamus_bldg,hypo,bldg,female,D0,normal
l-s120-y-blk_female_pituitary_bldg,pit,bldg,female,D0,normal
o38-blu29-x_female_gonad_bldg,gonad,bldg,female,D0,normal
o38-blu29-x_female_hypothalamus_bldg,hypo,bldg,female,D0,normal
o38-blu29-x_female_pituitary_bldg,pit,bldg,female,D0,normal
r-s056-g-o_female_gonad_bldg,gonad,bldg,female,D0,normal
r-s056-g-o_female_hypothalamus_bldg,hypo,bldg,female,D0,normal
r-s056-g-o_female_pituitary_bldg,pit,bldg,female,D0,normal
r-s059-d-o_male_gonad_bldg,gonad,bldg,male,D0,normal
r-s059-d-o_male_hypothalamus_bldg,hypo,bldg,male,D0,normal
r-s059-d-o_male_pituitary_bldg,pit,bldg,male,D0,normal
r83-g45_female_gonad_bldg,gonad,bldg,female,D0,normal
r83-g45_female_hypothalamus_bldg,hypo,bldg,female,D0,normal
r83-g45_female_pituitary_bldg,pit,bldg,female,D0,normal
s-pu148-blk-r_male_gonad_bldg,gonad,bldg,male,D0,normal
s-pu148-blk-r_male_hypothalamus_bldg,hypo,bldg,male,D0,normal
s-pu148-blk-r_male_pituitary_bldg,pit,bldg,male,D0,normal
s063-d-blk-l_female_gonad_bldg,gonad,bldg,female,D0,normal
s063-d-blk-l_female_hypothalamus_bldg,hypo,bldg,female,D0,normal
s063-d-blk-l_female_pituitary_bldg,pit,bldg,female,D0,normal
s065-l-d-o_male_gonad_bldg,gonad,bldg,male,D0,normal
s065-l-d-o_male_hypothalamus_bldg,hypo,bldg,male,D0,normal
s065-l-d-o_male_pituitary_bldg,pit,bldg,male,D0,normal
s066-l-d-r_male_gonad_bldg,gonad,bldg,male,D0,normal
s066-l-d-r_male_hypothalamus_bldg,hypo,bldg,male,D0,normal
s066-l-d-r_male_pituitary_bldg,pit,bldg,male,D0,normal
s092-blk-r-o_female_gonad_bldg,gonad,bldg,female,D0,normal
s092-blk-r-o_female_hypothalamus_bldg,hypo,bldg,female,D0,normal
s092-blk-r-o_female_pituitary_bldg,pit,bldg,female,D0,normal
x-o30-g134_male_gonad_bldg,gonad,bldg,male,D0,normal
x-o30-g134_male_hypothalamus_bldg,hypo,bldg,male,D0,normal
x-o30-g134_male_pituitary_bldg,pit,bldg,male,D0,normal
x-r39-g10_female_gonad_bldg,gonad,bldg,female,D0,normal
x-r39-g10_female_hypothalamus_bldg,hypo,bldg,female,D0,normal
x-r39-g10_female_pituitary_bldg,pit,bldg,female,D0,normal
x-r67-blu35_male_gonad_bldg,gonad,bldg,male,D0,normal
x-r67-blu35_male_hypothalamus_bldg,hypo,bldg,male,D0,normal
x-r67-blu35_male_pituitary_bldg.NYNO,pit,bldg,male,D0,normal
g-blk-s004-pk_female_gonad_lay,gonad,lay,female,D1,normal
g-blk-s004-pk_female_hypothalamus_lay,hypo,lay,female,D1,normal
g-blk-s004-pk_female_pituitary_lay,pit,lay,female,D1,normal
g-s-blk-y_male_gonad_lay,gonad,lay,male,D1,normal
g-s-blk-y_male_hypothalamus_lay,hypo,lay,male,D1,normal
g-s-blk-y_male_pituitary_lay,pit,lay,male,D1,normal
g-s043-pu-blk_male_gonad_lay,gonad,lay,male,D1,normal
g-s043-pu-blk_male_hypothalamus_lay,hypo,lay,male,D1,normal
g-s043-pu-blk_male_pituitary_lay,pit,lay,male,D1,normal
g-s078-blk-o_female_gonad_lay,gonad,lay,female,D1,normal
g-s078-blk-o_female_hypothalamus_lay,hypo,lay,female,D1,normal
g-s078-blk-o_female_pituitary_lay,pit,lay,female,D1,normal
o-s-w-r_male_gonad_lay,gonad,lay,male,D1,normal
o-s-w-r_male_hypothalamus_lay,hypo,lay,male,D1,normal
o-s-w-r_male_pituitary_lay,pit,lay,male,D1,normal
pk-s238-blk-w_male_gonad_lay,gonad,lay,male,D1,normal
pk-s238-blk-w_male_hypothalamus_lay,hypo,lay,male,D1,normal
pk-s238-blk-w_male_pituitary_lay,pit,lay,male,D1,normal
pk-w-s141-o_male_gonad_lay,gonad,lay,male,D1,normal
pk-w-s141-o_male_hypothalamus_lay,hypo,lay,male,D1,normal
pk-w-s141-o_male_pituitary_lay,pit,lay,male,D1,normal
r-s005-pk-blk_male_gonad_lay,gonad,lay,male,D1,normal
r-s005-pk-blk_male_hypothalamus_lay,hypo,lay,male,D1,normal
r-s005-pk-blk_male_pituitary_lay,pit,lay,male,D1,normal
r-s116-blk-pu_male_gonad_lay,gonad,lay,male,D1,normal
r-s116-blk-pu_male_hypothalamus_lay,hypo,lay,male,D1,normal
r-s116-blk-pu_male_pituitary_lay,pit,lay,male,D1,normal
r190-o43-x_male_gonad_lay,gonad,lay,male,D1,normal
r190-o43-x_male_hypothalamus_lay,hypo,lay,male,D1,normal
r190-o43-x_male_pituitary_lay,pit,lay,male,D1,normal
s-o-pk_female_gonad_lay,gonad,lay,female,D1,normal
s-o-pk_female_hypothalamus_lay,hypo,lay,female,D1,normal
s-o-pk_female_pituitary_lay,pit,lay,female,D1,normal
s095-g-blk-o_female_gonad_lay,gonad,lay,female,D1,normal
s095-g-blk-o_female_hypothalamus_lay,hypo,lay,female,D1,normal
s095-g-blk-o_female_pituitary_lay,pit,lay,female,D1,normal
s136-d-w-o_female_gonad_lay,gonad,lay,female,D1,normal
s136-d-w-o_female_hypothalamus_lay,hypo,lay,female,D1,normal
s136-d-w-o_female_pituitary_lay,pit,lay,female,D1,normal
s142-o-pk-pu_female_gonad_lay,gonad,lay,female,D1,normal
s142-o-pk-pu_female_hypothalamus_lay,hypo,lay,female,D1,normal
s142-o-pk-pu_female_pituitary_lay,pit,lay,female,D1,normal
s150-w-g-blk_male_gonad_lay,gonad,lay,male,D1,normal
s150-w-g-blk_male_hypothalamus_lay,hypo,lay,male,D1,normal
s150-w-g-blk_male_pituitary_lay,pit,lay,male,D1,normal
s176-blk-pu-r_female_gonad_lay,gonad,lay,female,D1,normal
s176-blk-pu-r_female_hypothalamus_lay,hypo,lay,female,D1,normal
s176-blk-pu-r_female_pituitary_lay,pit,lay,female,D1,normal
s243-blk-pk-r_male_gonad_lay,gonad,lay,male,D1,normal
s243-blk-pk-r_male_hypothalamus_lay,hypo,lay,male,D1,normal
s243-blk-pk-r_male_pituitary_lay,pit,lay,male,D1,normal
x-blu6-y80_female_gonad_lay,gonad,lay,female,D1,normal
x-blu6-y80_female_hypothalamus_lay,hypo,lay,female,D1,normal
x-blu6-y80_female_pituitary_lay,pit,lay,female,D1,normal
x-w51_female_gonad_lay,gonad,lay,female,D1,normal
x-w51_female_hypothalamus_lay,hypo,lay,female,D1,normal
x-w51_female_pituitary_lay,pit,lay,female,D1,normal
y-s156-o-r_female_gonad_lay,gonad,lay,female,D1,normal
y-s156-o-r_female_hypothalamus_lay,hypo,lay,female,D1,normal
y-s156-o-r_female_pituitary_lay,pit,lay,female,D1,normal
blk17-x_male_gonad_inc-d17,gonad,inc,male,D17,normal
blk17-x_male_hypothalamus_inc-d17,hypo,inc,male,D17,normal
blk17-x_male_pituitary_inc-d17,pit,inc,male,D17,normal
blu113-w124-x_male_gonad_inc-d17,gonad,inc,male,D17,normal
blu113-w124-x_male_hypothalamus_inc-d17,hypo,inc,male,D17,normal
blu113-w124-x_male_pituitary_inc-d17.NYNO,pit,inc,male,D17,normal
blu121-w91-x_male_gonad_inc-d17,gonad,inc,male,D17,normal
blu121-w91-x_male_hypothalamus_inc-d17,hypo,inc,male,D17,normal
blu121-w91-x_male_pituitary_inc-d17,pit,inc,male,D17,normal
d-s112-blk-w_female_gonad_m-inc-d17,gonad,inc,female,D17,manipulate
d-s112-blk-w_female_hypothalamus_m-inc-d17,hypo,inc,female,D17,manipulate
d-s112-blk-w_female_pituitary_m-inc-d17,pit,inc,female,D17,manipulate
g-o-y-s037_male_gonad_m-inc-d17,gonad,inc,male,D17,manipulate
g-o-y-s037_male_hypothalamus_m-inc-d17,hypo,inc,male,D17,manipulate
g-o-y-s037_male_pituitary_m-inc-d17,pit,inc,male,D17,manipulate
g-y-blk-s006_female_gonad_m-inc-d17,gonad,inc,female,D17,manipulate
g-y-blk-s006_female_hypothalamus_m-inc-d17,hypo,inc,female,D17,manipulate
g-y-blk-s006_female_pituitary_m-inc-d17,pit,inc,female,D17,manipulate
g130-y81-x_male_gonad_inc-d17,gonad,inc,male,D17,normal
g130-y81-x_male_hypothalamus_inc-d17,hypo,inc,male,D17,normal
g130-y81-x_male_pituitary_inc-d17,pit,inc,male,D17,normal
g142-r40-x_female_gonad_inc-d17,gonad,inc,female,D17,normal
g142-r40-x_female_hypothalamus_inc-d17,hypo,inc,female,D17,normal
g142-r40-x_female_pituitary_inc-d17,pit,inc,female,D17,normal
g143-blu32-x_male_gonad_inc-d17,gonad,inc,male,D17,normal
g143-blu32-x_male_hypothalamus_inc-d17,hypo,inc,male,D17,normal
g143-blu32-x_male_pituitary_inc-d17,pit,inc,male,D17,normal
g32-blu79_male_gonad_m-inc-d17,gonad,inc,male,D17,manipulate
g32-blu79_male_hypothalamus_m-inc-d17,hypo,inc,male,D17,manipulate
g32-blu79_male_pituitary_m-inc-d17,pit,inc,male,D17,manipulate
g63-blu65_female_gonad_m-inc-d17,gonad,inc,female,D17,manipulate
g63-blu65_female_hypothalamus_m-inc-d17,hypo,inc,female,D17,manipulate
g63-blu65_female_pituitary_m-inc-d17,pit,inc,female,D17,manipulate
l-s024-y-g_male_gonad_m-inc-d17,gonad,inc,male,D17,manipulate
l-s024-y-g_male_hypothalamus_m-inc-d17,hypo,inc,male,D17,manipulate
l-s024-y-g_male_pituitary_m-inc-d17,pit,inc,male,D17,manipulate
o-s084-w-blk_female_gonad_m-inc-d17,gonad,inc,female,D17,manipulate
o-s084-w-blk_female_hypothalamus_m-inc-d17,hypo,inc,female,D17,manipulate
o-s084-w-blk_female_pituitary_m-inc-d17,pit,inc,female,D17,manipulate
o169-r28-x_female_gonad_m-inc-d17,gonad,inc,female,D17,manipulate
o169-r28-x_female_hypothalamus_m-inc-d17,hypo,inc,female,D17,manipulate
o169-r28-x_female_pituitary_m-inc-d17,pit,inc,female,D17,manipulate
o35-r51-x_female_gonad_inc-d17,gonad,inc,female,D17,normal
o35-r51-x_female_hypothalamus_inc-d17,hypo,inc,female,D17,normal
o35-r51-x_female_pituitary_inc-d17,pit,inc,female,D17,normal
o52-blu53_female_gonad_inc-d17,gonad,inc,female,D17,normal
o52-blu53_female_hypothalamus_inc-d17,hypo,inc,female,D17,normal
o52-blu53_female_pituitary_inc-d17,pit,inc,female,D17,normal
o59-blu64_male_gonad_m-inc-d17,gonad,inc,male,D17,manipulate
o59-blu64_male_hypothalamus_m-inc-d17,hypo,inc,male,D17,manipulate
o59-blu64_male_pituitary_m-inc-d17,pit,inc,male,D17,manipulate
pk-s011-o-y_female_gonad_m-inc-d17,gonad,inc,female,D17,manipulate
pk-s011-o-y_female_hypothalamus_m-inc-d17,hypo,inc,female,D17,manipulate
pk-s011-o-y_female_pituitary_m-inc-d17,pit,inc,female,D17,manipulate
r176-blu54_male_gonad_inc-d17,gonad,inc,male,D17,normal
r176-blu54_male_hypothalamus_inc-d17,hypo,inc,male,D17,normal
r176-blu54_male_pituitary_inc-d17,pit,inc,male,D17,normal
r49-w189-x_female_gonad_inc-d17,gonad,inc,female,D17,normal
r49-w189-x_female_hypothalamus_inc-d17,hypo,inc,female,D17,normal
r49-w189-x_female_pituitary_inc-d17,pit,inc,female,D17,normal
s038-g-d-blk_female_gonad_m-inc-d17,gonad,inc,female,D17,manipulate
s038-g-d-blk_female_hypothalamus_m-inc-d17,hypo,inc,female,D17,manipulate
s038-g-d-blk_female_pituitary_m-inc-d17,pit,inc,female,D17,manipulate
s064-g-blk-pu_male_gonad_m-inc-d17,gonad,inc,male,D17,manipulate
s064-g-blk-pu_male_hypothalamus_m-inc-d17,hypo,inc,male,D17,manipulate
s064-g-blk-pu_male_pituitary_m-inc-d17,pit,inc,male,D17,manipulate
s096-g-blk-pk_male_gonad_m-inc-d17,gonad,inc,male,D17,manipulate
s096-g-blk-pk_male_hypothalamus_m-inc-d17,hypo,inc,male,D17,manipulate
s096-g-blk-pk_male_pituitary_m-inc-d17,pit,inc,male,D17,manipulate
s100-l-pk-blk_female_gonad_m-inc-d17,gonad,inc,female,D17,manipulate
s100-l-pk-blk_female_hypothalamus_m-inc-d17,hypo,inc,female,D17,manipulate
s100-l-pk-blk_female_pituitary_m-inc-d17,pit,inc,female,D17,manipulate
x-blu116-w107_female_gonad_inc-d17,gonad,inc,female,D17,normal
x-blu116-w107_female_hypothalamus_inc-d17,hypo,inc,female,D17,normal
x-blu116-w107_female_pituitary_inc-d17.NYNO,pit,inc,female,D17,normal
x-blu117-w89_male_gonad_inc-d17,gonad,inc,male,D17,normal
x-blu117-w89_male_hypothalamus_inc-d17,hypo,inc,male,D17,normal
x-blu117-w89_male_pituitary_inc-d17,pit,inc,male,D17,normal
x-blu94_female_gonad_m-inc-d17,gonad,inc,female,D17,manipulate
x-blu94_female_hypothalamus_m-inc-d17,hypo,inc,female,D17,manipulate
x-blu94_female_pituitary_m-inc-d17,pit,inc,female,D17,manipulate
x-g14-w199_male_gonad_inc-d17,gonad,inc,male,D17,normal
x-g14-w199_male_hypothalamus_inc-d17,hypo,inc,male,D17,normal
x-g14-w199_male_pituitary_inc-d17,pit,inc,male,D17,normal
x-o159-w90_female_gonad_inc-d17,gonad,inc,female,D17,normal
x-o159-w90_female_hypothalamus_inc-d17,hypo,inc,female,D17,normal
x-o159-w90_female_pituitary_inc-d17,pit,inc,female,D17,normal
x-o40-r70_male_gonad_m-inc-d17,gonad,inc,male,D17,manipulate
x-o40-r70_male_hypothalamus_m-inc-d17,hypo,inc,male,D17,manipulate
x-o40-r70_male_pituitary_m-inc-d17,pit,inc,male,D17,manipulate
x-r10-w18_male_gonad_m-inc-d17,gonad,inc,male,D17,manipulate
x-r10-w18_male_hypothalamus_m-inc-d17,hypo,inc,male,D17,manipulate
x-r10-w18_male_pituitary_m-inc-d17,pit,inc,male,D17,manipulate
x-r29-w96_male_gonad_inc-d17,gonad,inc,male,D17,normal
x-r29-w96_male_hypothalamus_inc-d17,hypo,inc,male,D17,normal
x-r29-w96_male_pituitary_inc-d17,pit,inc,male,D17,normal
x-r48-y139_female_gonad_inc-d17,gonad,inc,female,D17,normal
x-r48-y139_female_hypothalamus_inc-d17,hypo,inc,female,D17,normal
x-r48-y139_female_pituitary_inc-d17.NYNO,pit,inc,female,D17,normal
x-y119-w11_female_gonad_m-inc-d17,gonad,inc,female,D17,manipulate
x-y119-w11_female_hypothalamus_m-inc-d17,hypo,inc,female,D17,manipulate
x-y119-w11_female_pituitary_m-inc-d17,pit,inc,female,D17,manipulate
x-y132-w76_male_gonad_inc-d17,gonad,inc,male,D17,normal
x-y132-w76_male_hypothalamus_inc-d17,hypo,inc,male,D17,normal
x-y132-w76_male_pituitary_inc-d17,pit,inc,male,D17,normal
y126-w92-x_female_gonad_inc-d17,gonad,inc,female,D17,normal
y126-w92-x_female_hypothalamus_inc-d17,hypo,inc,female,D17,normal
y126-w92-x_female_pituitary_inc-d17,pit,inc,female,D17,normal
y130-o170-x_female_gonad_inc-d17,gonad,inc,female,D17,normal
y130-o170-x_female_hypothalamus_inc-d17,hypo,inc,female,D17,normal
y130-o170-x_female_pituitary_inc-d17,pit,inc,female,D17,normal
y133-w77-r58_male_gonad_inc-d17,gonad,inc,male,D17,normal
y133-w77-r58_male_hypothalamus_inc-d17,hypo,inc,male,D17,normal
y133-w77-r58_male_pituitary_inc-d17,pit,inc,male,D17,normal
y135-blu107-x_female_gonad_inc-d17,gonad,inc,female,D17,normal
y135-blu107-x_female_hypothalamus_inc-d17,hypo,inc,female,D17,normal
y135-blu107-x_female_pituitary_inc-d17.NYNO,pit,inc,female,D17,normal
y136-x_female_gonad_inc-d17,gonad,inc,female,D17,normal
y136-x_female_hypothalamus_inc-d17,hypo,inc,female,D17,normal
y136-x_female_pituitary_inc-d17,pit,inc,female,D17,normal
y148-w81-g145_male_gonad_m-inc-d17,gonad,inc,male,D17,manipulate
y148-w81-g145_male_hypothalamus_m-inc-d17,hypo,inc,male,D17,manipulate
y148-w81-g145_male_pituitary_m-inc-d17,pit,inc,male,D17,manipulate
y4-x_male_gonad_m-inc-d17,gonad,inc,male,D17,manipulate
y4-x_male_hypothalamus_m-inc-d17,hypo,inc,male,D17,manipulate
y4-x_male_pituitary_m-inc-d17,pit,inc,male,D17,manipulate
y85-r71-x_female_gonad_m-inc-d17,gonad,inc,female,D17,manipulate
y85-r71-x_female_hypothalamus_m-inc-d17,hypo,inc,female,D17,manipulate
y85-r71-x_female_pituitary_m-inc-d17,pit,inc,female,D17,manipulate
blk-s032-g-w_female_gonad_m-hatch,gonad,hatch,female,D18,manipulate
blk-s032-g-w_female_hypothalamus_m-hatch,hypo,hatch,female,D18,manipulate
blk-s032-g-w_female_pituitary_m-hatch,pit,hatch,female,D18,manipulate
blk21-x_female_gonad_hatch,gonad,hatch,female,D18,normal
blk21-x_female_hypothalamus_hatch,hypo,hatch,female,D18,normal
blk21-x_female_pituitary_hatch,pit,hatch,female,D18,normal
blu10-w26-x_male_gonad_m-hatch,gonad,hatch,male,D18,manipulate
blu10-w26-x_male_hypothalamus_m-hatch,hypo,hatch,male,D18,manipulate
blu10-w26-x_male_pituitary_m-hatch,pit,hatch,male,D18,manipulate
blu103-x_female_gonad_hatch.NYNO,gonad,hatch,female,D18,normal
blu103-x_female_hypothalamus_hatch,hypo,hatch,female,D18,normal
blu103-x_female_pituitary_hatch.NYNO,pit,hatch,female,D18,normal
blu104-w120-x_male_gonad_hatch,gonad,hatch,male,D18,normal
blu104-w120-x_male_hypothalamus_hatch,hypo,hatch,male,D18,normal
blu104-w120-x_male_pituitary_hatch.NYNO,pit,hatch,male,D18,normal
blu124-w180-x_female_gonad_hatch,gonad,hatch,female,D18,normal
blu124-w180-x_female_hypothalamus_hatch,hypo,hatch,female,D18,normal
blu124-w180-x_female_pituitary_hatch,pit,hatch,female,D18,normal
g-s075-pk-pu_male_gonad_m-hatch,gonad,hatch,male,D18,manipulate
g-s075-pk-pu_male_hypothalamus_m-hatch,hypo,hatch,male,D18,manipulate
g-s075-pk-pu_male_pituitary_m-hatch,pit,hatch,male,D18,manipulate
g-s076-pk-r_female_gonad_m-hatch,gonad,hatch,female,D18,manipulate
g-s076-pk-r_female_hypothalamus_m-hatch,hypo,hatch,female,D18,manipulate
g-s076-pk-r_female_pituitary_m-hatch,pit,hatch,female,D18,manipulate
g114-w83-x_male_gonad_hatch.NYNO,gonad,hatch,male,D18,normal
g114-w83-x_male_hypothalamus_hatch,hypo,hatch,male,D18,normal
g114-w83-x_male_pituitary_hatch.NYNO,pit,hatch,male,D18,normal
g34-x_male_gonad_m-hatch.NYNO,gonad,hatch,male,D18,manipulate
g34-x_male_hypothalamus_m-hatch,hypo,hatch,male,D18,manipulate
g34-x_male_pituitary_m-hatch,pit,hatch,male,D18,manipulate
g53-y84_male_gonad_hatch,gonad,hatch,male,D18,normal
g53-y84_male_hypothalamus_hatch,hypo,hatch,male,D18,normal
g53-y84_male_pituitary_hatch,pit,hatch,male,D18,normal
l-s-w-d_female_gonad_m-hatch,gonad,hatch,female,D18,manipulate
l-s-w-d_female_hypothalamus_m-hatch,hypo,hatch,female,D18,manipulate
l-s-w-d_female_pituitary_m-hatch,pit,hatch,female,D18,manipulate
o172-w115-x_female_gonad_hatch,gonad,hatch,female,D18,normal
o172-w115-x_female_hypothalamus_hatch,hypo,hatch,female,D18,normal
o172-w115-x_female_pituitary_hatch.NYNO,pit,hatch,female,D18,normal
o39-y77-x_male_gonad_hatch,gonad,hatch,male,D18,normal
o39-y77-x_male_hypothalamus_hatch,hypo,hatch,male,D18,normal
o39-y77-x_male_pituitary_hatch,pit,hatch,male,D18,normal
o44-blu26-x_male_gonad_hatch,gonad,hatch,male,D18,normal
o44-blu26-x_male_hypothalamus_hatch,hypo,hatch,male,D18,normal
o44-blu26-x_male_pituitary_hatch,pit,hatch,male,D18,normal
pk-s054-d-g_female_gonad_m-hatch,gonad,hatch,female,D18,manipulate
pk-s054-d-g_female_hypothalamus_m-hatch,hypo,hatch,female,D18,manipulate
pk-s054-d-g_female_pituitary_m-hatch,pit,hatch,female,D18,manipulate
pu-s-o-r_male_hypothalamus_m-hatch,hypo,hatch,male,D18,manipulate
pu-s-o-r_male_pituitary_m-hatch,pit,hatch,male,D18,manipulate
r183-o22_female_gonad_hatch,gonad,hatch,female,D18,normal
r183-o22_female_hypothalamus_hatch,hypo,hatch,female,D18,normal
r183-o22_female_pituitary_hatch,pit,hatch,female,D18,normal
r41-w99-x_male_gonad_hatch,gonad,hatch,male,D18,normal
r41-w99-x_male_hypothalamus_hatch,hypo,hatch,male,D18,normal
r41-w99-x_male_pituitary_hatch,pit,hatch,male,D18,normal
r72-y83-x_male_gonad_hatch,gonad,hatch,male,D18,normal
r72-y83-x_male_hypothalamus_hatch,hypo,hatch,male,D18,normal
r72-y83-x_male_pituitary_hatch,pit,hatch,male,D18,normal
s062-d-blk-g_male_gonad_m-hatch,gonad,hatch,male,D18,manipulate
s062-d-blk-g_male_hypothalamus_m-hatch,hypo,hatch,male,D18,manipulate
s062-d-blk-g_male_pituitary_m-hatch,pit,hatch,male,D18,manipulate
s090-blk-pk-w_male_gonad_m-hatch,gonad,hatch,male,D18,manipulate
s090-blk-pk-w_male_hypothalamus_m-hatch,hypo,hatch,male,D18,manipulate
s090-blk-pk-w_male_pituitary_m-hatch,pit,hatch,male,D18,manipulate
s333-y-blk-pk_female_gonad_m-hatch,gonad,hatch,female,D18,manipulate
s333-y-blk-pk_female_hypothalamus_m-hatch,hypo,hatch,female,D18,manipulate
s333-y-blk-pk_female_pituitary_m-hatch,pit,hatch,female,D18,manipulate
x-blu76_male_gonad_m-hatch,gonad,hatch,male,D18,manipulate
x-blu76_male_hypothalamus_m-hatch,hypo,hatch,male,D18,manipulate
x-blu76_male_pituitary_m-hatch,pit,hatch,male,D18,manipulate
x-g70_male_gonad_hatch,gonad,hatch,male,D18,normal
x-g70_male_hypothalamus_hatch,hypo,hatch,male,D18,normal
x-g70_male_pituitary_hatch,pit,hatch,male,D18,normal
x-o160-w102_male_gonad_hatch,gonad,hatch,male,D18,normal
x-o160-w102_male_hypothalamus_hatch,hypo,hatch,male,D18,normal
x-o160-w102_male_pituitary_hatch,pit,hatch,male,D18,normal
x-o171-w45_female_gonad_m-hatch,gonad,hatch,female,D18,manipulate
x-o171-w45_female_hypothalamus_m-hatch,hypo,hatch,female,D18,manipulate
x-o171-w45_female_pituitary_m-hatch,pit,hatch,female,D18,manipulate
x-o37-blu50_female_gonad_hatch,gonad,hatch,female,D18,normal
x-o37-blu50_female_hypothalamus_hatch.NYNO,hypo,hatch,female,D18,normal
x-o37-blu50_female_pituitary_hatch,pit,hatch,female,D18,normal
x-o4_male_gonad_m-hatch,gonad,hatch,male,D18,manipulate
x-o4_male_hypothalamus_m-hatch,hypo,hatch,male,D18,manipulate
x-o4_male_pituitary_m-hatch,pit,hatch,male,D18,manipulate
x-r178_male_gonad_hatch,gonad,hatch,male,D18,normal
x-r178_male_hypothalamus_hatch,hypo,hatch,male,D18,normal
x-r178_male_pituitary_hatch,pit,hatch,male,D18,normal
x-r44-w95_female_gonad_hatch,gonad,hatch,female,D18,normal
x-r44-w95_female_hypothalamus_hatch,hypo,hatch,female,D18,normal
x-r44-w95_female_pituitary_hatch,pit,hatch,female,D18,normal
x-r74-o29_female_gonad_m-hatch,gonad,hatch,female,D18,manipulate
x-r74-o29_female_hypothalamus_m-hatch,hypo,hatch,female,D18,manipulate
x-r74-o29_female_pituitary_m-hatch,pit,hatch,female,D18,manipulate
x-y90_female_gonad_hatch,gonad,hatch,female,D18,normal
x-y90_female_hypothalamus_hatch,hypo,hatch,female,D18,normal
x-y90_female_pituitary_hatch,pit,hatch,female,D18,normal
y15-x_female_gonad_hatch,gonad,hatch,female,D18,normal
y15-x_female_hypothalamus_hatch,hypo,hatch,female,D18,normal
y15-x_female_pituitary_hatch,pit,hatch,female,D18,normal
y7-g58_female_gonad_hatch,gonad,hatch,female,D18,normal
y7-g58_female_hypothalamus_hatch,hypo,hatch,female,D18,normal
y7-g58_female_pituitary_hatch,pit,hatch,female,D18,normal
y98-g54_female_gonad_m-hatch,gonad,hatch,female,D18,manipulate
y98-g54_female_hypothalamus_m-hatch,hypo,hatch,female,D18,manipulate
y98-g54_female_pituitary_m-hatch,pit,hatch,female,D18,manipulate
blk-s030-o-g_male_gonad_prolong,gonad,prolong,male,D20,manipulate
blk-s030-o-g_male_hypothalamus_prolong,hypo,prolong,male,D20,manipulate
blk-s030-o-g_male_pituitary_prolong,pit,prolong,male,D20,manipulate
blk-s031-pu-d_female_gonad_prolong,gonad,prolong,female,D20,manipulate
blk-s031-pu-d_female_hypothalamus_prolong,hypo,prolong,female,D20,manipulate
blk-s031-pu-d_female_pituitary_prolong,pit,prolong,female,D20,manipulate
blu115-y150-x_female_gonad_inc-prolong,gonad,inc,female,D20,manipulate
blu115-y150-x_female_hypothalamus_inc-prolong,hypo,inc,female,D20,manipulate
blu115-y150-x_female_pituitary_inc-prolong,pit,inc,female,D20,manipulate
g-y-o-s_male_gonad_prolong,gonad,prolong,male,D20,manipulate
g-y-o-s_male_hypothalamus_prolong,hypo,prolong,male,D20,manipulate
g-y-o-s_male_pituitary_prolong,pit,prolong,male,D20,manipulate
g38-x_male_gonad_inc-prolong,gonad,inc,male,D20,manipulate
g38-x_male_hypothalamus_inc-prolong,hypo,inc,male,D20,manipulate
g38-x_male_pituitary_inc-prolong,pit,inc,male,D20,manipulate
l-s052-pk-r_female_gonad_prolong,gonad,prolong,female,D20,manipulate
l-s052-pk-r_female_hypothalamus_prolong,hypo,prolong,female,D20,manipulate
l-s052-pk-r_female_pituitary_prolong,pit,prolong,female,D20,manipulate
l-s080-blk-r_male_gonad_prolong,gonad,prolong,male,D20,manipulate
l-s080-blk-r_male_hypothalamus_prolong,hypo,prolong,male,D20,manipulate
l-s080-blk-r_male_pituitary_prolong,pit,prolong,male,D20,manipulate
l-s166-o-w_female_gonad_prolong,gonad,prolong,female,D20,manipulate
l-s166-o-w_female_hypothalamus_prolong,hypo,prolong,female,D20,manipulate
l-s166-o-w_female_pituitary_prolong,pit,prolong,female,D20,manipulate
o114-blu9_male_gonad_inc-prolong,gonad,inc,male,D20,manipulate
o114-blu9_male_hypothalamus_inc-prolong,hypo,inc,male,D20,manipulate
o114-blu9_male_pituitary_inc-prolong,pit,inc,male,D20,manipulate
pk-s-d-g_male_gonad_prolong,gonad,prolong,male,D20,manipulate
pk-s-d-g_male_hypothalamus_prolong,hypo,prolong,male,D20,manipulate
pk-s-d-g_male_pituitary_prolong,pit,prolong,male,D20,manipulate
r194-x_female_gonad_prolong,gonad,prolong,female,D20,manipulate
r194-x_female_hypothalamus_prolong,hypo,prolong,female,D20,manipulate
r194-x_female_pituitary_prolong,pit,prolong,female,D20,manipulate
r81-x_male_gonad_inc-prolong,gonad,inc,male,D20,manipulate
r81-x_male_hypothalamus_inc-prolong,hypo,inc,male,D20,manipulate
r81-x_male_pituitary_inc-prolong,pit,inc,male,D20,manipulate
r90-x_male_gonad_inc-prolong,gonad,inc,male,D20,manipulate
r90-x_male_hypothalamus_inc-prolong,hypo,inc,male,D20,manipulate
r90-x_male_pituitary_inc-prolong,pit,inc,male,D20,manipulate
s-pu-pk_female_gonad_prolong,gonad,prolong,female,D20,manipulate
s-pu-pk_female_hypothalamus_prolong,hypo,prolong,female,D20,manipulate
s-pu-pk_female_pituitary_prolong,pit,prolong,female,D20,manipulate
x-blk20_female_gonad_prolong,gonad,prolong,female,D20,manipulate
x-blk20_female_hypothalamus_prolong,hypo,prolong,female,D20,manipulate
x-blk20_female_pituitary_prolong,pit,prolong,female,D20,manipulate
x-blu57_male_gonad_prolong,gonad,prolong,male,D20,manipulate
x-blu57_male_hypothalamus_prolong,hypo,prolong,male,D20,manipulate
x-blu57_male_pituitary_prolong,pit,prolong,male,D20,manipulate
x-g50_female_gonad_inc-prolong,gonad,inc,female,D20,manipulate
x-g50_female_hypothalamus_inc-prolong,hypo,inc,female,D20,manipulate
x-g50_female_pituitary_inc-prolong,pit,inc,female,D20,manipulate
x-y145-r55_female_gonad_inc-prolong,gonad,inc,female,D20,manipulate
x-y145-r55_female_hypothalamus_inc-prolong,hypo,inc,female,D20,manipulate
x-y145-r55_female_pituitary_inc-prolong,pit,inc,female,D20,manipulate
x-y79_male_gonad_prolong,gonad,prolong,male,D20,manipulate
x-y79_male_hypothalamus_prolong,hypo,prolong,male,D20,manipulate
x-y79_male_pituitary_prolong,pit,prolong,male,D20,manipulate
y146-r32-x_female_gonad_inc-prolong,gonad,inc,female,D20,manipulate
y146-r32-x_female_hypothalamus_inc-prolong,hypo,inc,female,D20,manipulate
y146-r32-x_female_pituitary_inc-prolong,pit,inc,female,D20,manipulate
blk0-x_female_gonad_m-n2,gonad,mn2,female,D21,manipulate
blk0-x_female_hypothalamus_m-n2,hypo,mn2,female,D21,manipulate
blk0-x_female_pituitary_m-n2,pit,mn2,female,D21,manipulate
o3-x_male_gonad_m-n2,gonad,mn2,male,D21,manipulate
o3-x_male_hypothalamus_m-n2,hypo,mn2,male,D21,manipulate
o3-x_male_pituitary_m-n2,pit,mn2,male,D21,manipulate
x-blk23_male_gonad_m-n2,gonad,mn2,male,D21,manipulate
x-blk23_male_hypothalamus_m-n2,hypo,mn2,male,D21,manipulate
x-blk23_male_pituitary_m-n2,pit,mn2,male,D21,manipulate
x-blu96_female_gonad_m-n2,gonad,mn2,female,D21,manipulate
x-blu96_female_hypothalamus_m-n2,hypo,mn2,female,D21,manipulate
x-blu96_female_pituitary_m-n2,pit,mn2,female,D21,manipulate
blk12-x_male_gonad_n5,gonad,nestling5,male,D23,normal
blk12-x_male_hypothalamus_n5.NYNO,hypo,nestling5,male,D23,normal
blk12-x_male_pituitary_n5,pit,nestling5,male,D23,normal
blu37-r65-x_male_gonad_n5,gonad,nestling5,male,D23,normal
blu37-r65-x_male_hypothalamus_n5,hypo,nestling5,male,D23,normal
blu37-r65-x_male_pituitary_n5,pit,nestling5,male,D23,normal
blu41-y100-x_male_gonad_n5,gonad,nestling5,male,D23,normal
blu41-y100-x_male_hypothalamus_n5.NYNO,hypo,nestling5,male,D23,normal
blu41-y100-x_male_pituitary_n5,pit,nestling5,male,D23,normal
blu55-g51_female_gonad_n5,gonad,nestling5,female,D23,normal
blu55-g51_female_hypothalamus_n5,hypo,nestling5,female,D23,normal
blu55-g51_female_pituitary_n5,pit,nestling5,female,D23,normal
d-s008-y-blk_male_gonad_n5,gonad,nestling5,male,D23,normal
d-s008-y-blk_male_hypothalamus_n5,hypo,nestling5,male,D23,normal
d-s008-y-blk_male_pituitary_n5,pit,nestling5,male,D23,normal
d-s047-blk-o_male_gonad_n5,gonad,nestling5,male,D23,normal
d-s047-blk-o_male_hypothalamus_n5,hypo,nestling5,male,D23,normal
d-s047-blk-o_male_pituitary_n5,pit,nestling5,male,D23,normal
o152-o120-w42_male_gonad_n5,gonad,nestling5,male,D23,normal
o152-o120-w42_male_hypothalamus_n5,hypo,nestling5,male,D23,normal
o152-o120-w42_male_pituitary_n5,pit,nestling5,male,D23,normal
x-blu109-w121_female_gonad_n5,gonad,nestling5,female,D23,normal
x-blu109-w121_female_hypothalamus_n5,hypo,nestling5,female,D23,normal
x-blu109-w121_female_pituitary_n5,pit,nestling5,female,D23,normal
x-blu30_male_gonad_n5,gonad,nestling5,male,D23,normal
x-blu30_male_hypothalamus_n5,hypo,nestling5,male,D23,normal
x-blu30_male_pituitary_n5,pit,nestling5,male,D23,normal
x-g37_female_gonad_n5,gonad,nestling5,female,D23,normal
x-g37_female_hypothalamus_n5,hypo,nestling5,female,D23,normal
x-g37_female_pituitary_n5,pit,nestling5,female,D23,normal
x-g43_female_gonad_n5,gonad,nestling5,female,D23,normal
x-g43_female_hypothalamus_n5,hypo,nestling5,female,D23,normal
x-g43_female_pituitary_n5,pit,nestling5,female,D23,normal
x-g49_female_gonad_n5,gonad,nestling5,female,D23,normal
x-g49_female_hypothalamus_n5,hypo,nestling5,female,D23,normal
x-g49_female_pituitary_n5.NYNO,pit,nestling5,female,D23,normal
x-o164-w123_male_gonad_n5,gonad,nestling5,male,D23,normal
x-o164-w123_male_hypothalamus_n5,hypo,nestling5,male,D23,normal
x-o164-w123_male_pituitary_n5.NYNO,pit,nestling5,male,D23,normal
x-o175-g21_female_gonad_n5,gonad,nestling5,female,D23,normal
x-o175-g21_female_hypothalamus_n5,hypo,nestling5,female,D23,normal
x-o175-g21_female_pituitary_n5,pit,nestling5,female,D23,normal
x-o68_male_gonad_n5,gonad,nestling5,male,D23,normal
x-o68_male_hypothalamus_n5,hypo,nestling5,male,D23,normal
x-o68_male_pituitary_n5,pit,nestling5,male,D23,normal
x-o70_female_gonad_n5,gonad,nestling5,female,D23,normal
x-o70_female_hypothalamus_n5.NYNO,hypo,nestling5,female,D23,normal
x-o70_female_pituitary_n5,pit,nestling5,female,D23,normal
x-r181_male_gonad_n5,gonad,nestling5,male,D23,normal
x-r181_male_hypothalamus_n5,hypo,nestling5,male,D23,normal
x-r181_male_pituitary_n5,pit,nestling5,male,D23,normal
x-r50-w97_female_gonad_n5,gonad,nestling5,female,D23,normal
x-r50-w97_female_hypothalamus_n5,hypo,nestling5,female,D23,normal
x-r50-w97_female_pituitary_n5,pit,nestling5,female,D23,normal
y6-o54_female_gonad_n5,gonad,nestling5,female,D23,normal
y6-o54_female_hypothalamus_n5,hypo,nestling5,female,D23,normal
y6-o54_female_pituitary_n5,pit,nestling5,female,D23,normal
y94-g133-x_female_gonad_n5,gonad,nestling5,female,D23,normal
y94-g133-x_female_hypothalamus_n5.NYNO,hypo,nestling5,female,D23,normal
y94-g133-x_female_pituitary_n5,pit,nestling5,female,D23,normal
blk4-x_female_gonad_n9,gonad,nestling9,female,D27,normal
blk4-x_female_hypothalamus_n9,hypo,nestling9,female,D27,normal
blk4-x_female_pituitary_n9,pit,nestling9,female,D27,normal
blu36-w16_female_gonad_n9,gonad,nestling9,female,D27,normal
blu36-w16_female_hypothalamus_n9,hypo,nestling9,female,D27,normal
blu36-w16_female_pituitary_n9,pit,nestling9,female,D27,normal
blu81-r88_male_gonad_n9,gonad,nestling9,male,D27,normal
blu81-r88_male_hypothalamus_n9,hypo,nestling9,male,D27,normal
blu81-r88_male_pituitary_n9,pit,nestling9,male,D27,normal
g-s-blk-d_male_gonad_n9,gonad,nestling9,male,D27,normal
g-s-blk-d_male_hypothalamus_n9,hypo,nestling9,male,D27,normal
g-s-blk-d_male_pituitary_n9,pit,nestling9,male,D27,normal
r-s171-l-w_female_gonad_n9,gonad,nestling9,female,D27,normal
r-s171-l-w_female_hypothalamus_n9,hypo,nestling9,female,D27,normal
r-s171-l-w_female_pituitary_n9,pit,nestling9,female,D27,normal
r-y-s007-blk_male_gonad_n9,gonad,nestling9,male,D27,normal
r-y-s007-blk_male_hypothalamus_n9,hypo,nestling9,male,D27,normal
r-y-s007-blk_male_pituitary_n9,pit,nestling9,male,D27,normal
r195-x_male_gonad_n9,gonad,nestling9,male,D27,normal
r195-x_male_hypothalamus_n9,hypo,nestling9,male,D27,normal
r195-x_male_pituitary_n9,pit,nestling9,male,D27,normal
r37-w100-x_male_gonad_n9,gonad,nestling9,male,D27,normal
r37-w100-x_male_hypothalamus_n9,hypo,nestling9,male,D27,normal
r37-w100-x_male_pituitary_n9,pit,nestling9,male,D27,normal
r95-blu99_female_gonad_n9,gonad,nestling9,female,D27,normal
r95-blu99_female_hypothalamus_n9,hypo,nestling9,female,D27,normal
r95-blu99_female_pituitary_n9,pit,nestling9,female,D27,normal
s187-l-o-r_male_gonad_n9,gonad,nestling9,male,D27,normal
s187-l-o-r_male_hypothalamus_n9,hypo,nestling9,male,D27,normal
s187-l-o-r_male_pituitary_n9,pit,nestling9,male,D27,normal
x-blk16_male_gonad_n9.NYNO,gonad,nestling9,male,D27,normal
x-blk16_male_hypothalamus_n9.NYNO,hypo,nestling9,male,D27,normal
x-blk16_male_pituitary_n9,pit,nestling9,male,D27,normal
x-blu23-w14_male_gonad_n9,gonad,nestling9,male,D27,normal
x-blu23-w14_male_hypothalamus_n9,hypo,nestling9,male,D27,normal
x-blu23-w14_male_pituitary_n9,pit,nestling9,male,D27,normal
x-blu43-g132_female_gonad_n9,gonad,nestling9,female,D27,normal
x-blu43-g132_female_hypothalamus_n9,hypo,nestling9,female,D27,normal
x-blu43-g132_female_pituitary_n9,pit,nestling9,female,D27,normal
x-g4-w50_female_gonad_n9,gonad,nestling9,female,D27,normal
x-g4-w50_female_hypothalamus_n9,hypo,nestling9,female,D27,normal
x-g4-w50_female_pituitary_n9,pit,nestling9,female,D27,normal
x-o2_male_gonad_n9,gonad,nestling9,male,D27,normal
x-o2_male_hypothalamus_n9,hypo,nestling9,male,D27,normal
x-o2_male_pituitary_n9,pit,nestling9,male,D27,normal
x-w178_female_gonad_n9,gonad,nestling9,female,D27,normal
x-w178_female_hypothalamus_n9,hypo,nestling9,female,D27,normal
x-w178_female_pituitary_n9,pit,nestling9,female,D27,normal
x-w6_female_gonad_n9,gonad,nestling9,female,D27,normal
x-w6_female_hypothalamus_n9,hypo,nestling9,female,D27,normal
x-w6_female_pituitary_n9,pit,nestling9,female,D27,normal
x-y138-w176_female_gonad_n9,gonad,nestling9,female,D27,normal
x-y138-w176_female_hypothalamus_n9,hypo,nestling9,female,D27,normal
x-y138-w176_female_pituitary_n9,pit,nestling9,female,D27,normal
x-y9_female_gonad_n9,gonad,nestling9,female,D27,normal
x-y9_female_hypothalamus_n9,hypo,nestling9,female,D27,normal
x-y9_female_pituitary_n9,pit,nestling9,female,D27,normal
y129-x_male_gonad_n9,gonad,nestling9,male,D27,normal
y129-x_male_hypothalamus_n9,hypo,nestling9,male,D27,normal
y129-x_male_pituitary_n9,pit,nestling9,male,D27,normal
y131-w185-x_male_gonad_n9,gonad,nestling9,male,D27,normal
y131-w185-x_male_hypothalamus_n9,hypo,nestling9,male,D27,normal
y131-w185-x_male_pituitary_n9,pit,nestling9,male,D27,normal
y97-x_female_gonad_n9,gonad,nestling9,female,D27,normal
y97-x_female_hypothalamus_n9,hypo,nestling9,female,D27,normal
y97-x_female_pituitary_n9,pit,nestling9,female,D27,normal
blk-s049-y-g_female_gonad_m-inc-d3,gonad,inc,female,D3,manipulate
blk-s049-y-g_female_hypothalamus_m-inc-d3,hypo,inc,female,D3,manipulate
blk-s049-y-g_female_pituitary_m-inc-d3,pit,inc,female,D3,manipulate
blk-s060-pu-w_female_gonad_m-inc-d3,gonad,inc,female,D3,manipulate
blk-s060-pu-w_female_hypothalamus_m-inc-d3,hypo,inc,female,D3,manipulate
blk-s060-pu-w_female_pituitary_m-inc-d3.NYNO,pit,inc,female,D3,manipulate
blk5-x_male_gonad_m-inc-d3,gonad,inc,male,D3,manipulate
blk5-x_male_hypothalamus_m-inc-d3,hypo,inc,male,D3,manipulate
blk5-x_male_pituitary_m-inc-d3,pit,inc,male,D3,manipulate
blu111-w113-x_male_gonad_inc-d3,gonad,inc,male,D3,normal
blu111-w113-x_male_hypothalamus_inc-d3,hypo,inc,male,D3,normal
blu111-w113-x_male_pituitary_inc-d3,pit,inc,male,D3,normal
blu39-o26-x_female_gonad_inc-d3,gonad,inc,female,D3,normal
blu39-o26-x_female_hypothalamus_inc-d3.NYNO,hypo,inc,female,D3,normal
blu39-o26-x_female_pituitary_inc-d3.NYNO,pit,inc,female,D3,normal
blu56-o53_female_gonad_m-inc-d3,gonad,inc,female,D3,manipulate
blu56-o53_female_hypothalamus_m-inc-d3,hypo,inc,female,D3,manipulate
blu56-o53_female_pituitary_m-inc-d3,pit,inc,female,D3,manipulate
d-s110-g-blk_male_gonad_m-inc-d3,gonad,inc,male,D3,manipulate
d-s110-g-blk_male_hypothalamus_m-inc-d3,hypo,inc,male,D3,manipulate
d-s110-g-blk_male_pituitary_m-inc-d3,pit,inc,male,D3,manipulate
d-s177-blk-r_female_gonad_m-inc-d3,gonad,inc,female,D3,manipulate
d-s177-blk-r_female_hypothalamus_m-inc-d3,hypo,inc,female,D3,manipulate
d-s177-blk-r_female_pituitary_m-inc-d3,pit,inc,female,D3,manipulate
g-blk-s041-r_male_gonad_m-inc-d3,gonad,inc,male,D3,manipulate
g-blk-s041-r_male_hypothalamus_m-inc-d3,hypo,inc,male,D3,manipulate
g-blk-s041-r_male_pituitary_m-inc-d3,pit,inc,male,D3,manipulate
g144-r54-x_female_gonad_m-inc-d3,gonad,inc,female,D3,manipulate
g144-r54-x_female_hypothalamus_m-inc-d3,hypo,inc,female,D3,manipulate
g144-r54-x_female_pituitary_m-inc-d3,pit,inc,female,D3,manipulate
g146-blu51_male_gonad_inc-d3,gonad,inc,male,D3,normal
g146-blu51_male_hypothalamus_inc-d3.NYNO,hypo,inc,male,D3,normal
g146-blu51_male_pituitary_inc-d3,pit,inc,male,D3,normal
g20-w106-x_male_gonad_inc-d3,gonad,inc,male,D3,normal
g20-w106-x_male_hypothalamus_inc-d3,hypo,inc,male,D3,normal
g20-w106-x_male_pituitary_inc-d3,pit,inc,male,D3,normal
g6-w197-x_female_gonad_inc-d3,gonad,inc,female,D3,normal
g6-w197-x_female_hypothalamus_inc-d3,hypo,inc,female,D3,normal
g6-w197-x_female_pituitary_inc-d3,pit,inc,female,D3,normal
o-s010-r-blk_male_gonad_m-inc-d3,gonad,inc,male,D3,manipulate
o-s010-r-blk_male_hypothalamus_m-inc-d3,hypo,inc,male,D3,manipulate
o-s010-r-blk_male_pituitary_m-inc-d3,pit,inc,male,D3,manipulate
o156-w80-x_female_gonad_inc-d3,gonad,inc,female,D3,normal
o156-w80-x_female_hypothalamus_inc-d3,hypo,inc,female,D3,normal
o156-w80-x_female_pituitary_inc-d3,pit,inc,female,D3,normal
o165-w122-x_female_gonad_inc-d3.NYNO,gonad,inc,female,D3,normal
o165-w122-x_female_hypothalamus_inc-d3,hypo,inc,female,D3,normal
o165-w122-x_female_pituitary_inc-d3.NYNO,pit,inc,female,D3,normal
o173-w179-x_female_gonad_inc-d3,gonad,inc,female,D3,normal
o173-w179-x_female_hypothalamus_inc-d3,hypo,inc,female,D3,normal
o173-w179-x_female_pituitary_inc-d3,pit,inc,female,D3,normal
o48-r197-x_male_gonad_inc-d3,gonad,inc,male,D3,normal
o48-r197-x_male_hypothalamus_inc-d3,hypo,inc,male,D3,normal
o48-r197-x_male_pituitary_inc-d3,pit,inc,male,D3,normal
r-s035-y-blk_female_gonad_m-inc-d3,gonad,inc,female,D3,manipulate
r-s035-y-blk_female_hypothalamus_m-inc-d3,hypo,inc,female,D3,manipulate
r-s035-y-blk_female_pituitary_m-inc-d3,pit,inc,female,D3,manipulate
r27-w111-blu125_female_gonad_inc-d3,gonad,inc,female,D3,normal
r27-w111-blu125_female_hypothalamus_inc-d3,hypo,inc,female,D3,normal
r27-w111-blu125_female_pituitary_inc-d3,pit,inc,female,D3,normal
r73-g127-x_female_gonad_inc-d3,gonad,inc,female,D3,normal
r73-g127-x_female_hypothalamus_inc-d3,hypo,inc,female,D3,normal
r73-g127-x_female_pituitary_inc-d3,pit,inc,female,D3,normal
s069-pk-pu-g_female_gonad_m-inc-d3,gonad,inc,female,D3,manipulate
s069-pk-pu-g_female_hypothalamus_m-inc-d3,hypo,inc,female,D3,manipulate
s069-pk-pu-g_female_pituitary_m-inc-d3,pit,inc,female,D3,manipulate
s071-pu-g-pk_male_gonad_m-inc-d3,gonad,inc,male,D3,manipulate
s071-pu-g-pk_male_hypothalamus_m-inc-d3,hypo,inc,male,D3,manipulate
s071-pu-g-pk_male_pituitary_m-inc-d3,pit,inc,male,D3,manipulate
s093-blk-y-d_female_gonad_m-inc-d3,gonad,inc,female,D3,manipulate
s093-blk-y-d_female_hypothalamus_m-inc-d3,hypo,inc,female,D3,manipulate
s093-blk-y-d_female_pituitary_m-inc-d3,pit,inc,female,D3,manipulate
s103-y-pk-blk_female_gonad_m-inc-d3,gonad,inc,female,D3,manipulate
s103-y-pk-blk_female_hypothalamus_m-inc-d3,hypo,inc,female,D3,manipulate
s103-y-pk-blk_female_pituitary_m-inc-d3,pit,inc,female,D3,manipulate
s139-l-blk-w_male_gonad_m-inc-d3,gonad,inc,male,D3,manipulate
s139-l-blk-w_male_hypothalamus_m-inc-d3,hypo,inc,male,D3,manipulate
s139-l-blk-w_male_pituitary_m-inc-d3,pit,inc,male,D3,manipulate
s175-blk-pu-pk_male_gonad_m-inc-d3,gonad,inc,male,D3,manipulate
s175-blk-pu-pk_male_hypothalamus_m-inc-d3,hypo,inc,male,D3,manipulate
s175-blk-pu-pk_male_pituitary_m-inc-d3,pit,inc,male,D3,manipulate
x-blu102-w105_female_gonad_inc-d3,gonad,inc,female,D3,normal
x-blu102-w105_female_hypothalamus_inc-d3,hypo,inc,female,D3,normal
x-blu102-w105_female_pituitary_inc-d3,pit,inc,female,D3,normal
x-blu42-o28_male_gonad_inc-d3,gonad,inc,male,D3,normal
x-blu42-o28_male_hypothalamus_inc-d3.NYNO,hypo,inc,male,D3,normal
x-blu42-o28_male_pituitary_inc-d3,pit,inc,male,D3,normal
x-g147-blu28_male_gonad_inc-d3,gonad,inc,male,D3,normal
x-g147-blu28_male_hypothalamus_inc-d3,hypo,inc,male,D3,normal
x-g147-blu28_male_pituitary_inc-d3,pit,inc,male,D3,normal
x-g5-w79_male_gonad_m-inc-d3,gonad,inc,male,D3,manipulate
x-g5-w79_male_hypothalamus_m-inc-d3,hypo,inc,male,D3,manipulate
x-g5-w79_male_pituitary_m-inc-d3,pit,inc,male,D3,manipulate
x-o163-w101_male_gonad_inc-d3,gonad,inc,male,D3,normal
x-o163-w101_male_hypothalamus_inc-d3,hypo,inc,male,D3,normal
x-o163-w101_male_pituitary_inc-d3.NYNO,pit,inc,male,D3,normal
x-r180_female_gonad_m-inc-d3,gonad,inc,female,D3,manipulate
x-r180_female_hypothalamus_m-inc-d3,hypo,inc,female,D3,manipulate
x-r180_female_pituitary_m-inc-d3,pit,inc,female,D3,manipulate
x-r185_male_gonad_m-inc-d3,gonad,inc,male,D3,manipulate
x-r185_male_hypothalamus_m-inc-d3,hypo,inc,male,D3,manipulate
x-r185_male_pituitary_m-inc-d3,pit,inc,male,D3,manipulate
x-r33-w183_female_gonad_inc-d3,gonad,inc,female,D3,normal
x-r33-w183_female_hypothalamus_inc-d3,hypo,inc,female,D3,normal
x-r33-w183_female_pituitary_inc-d3,pit,inc,female,D3,normal
x-r64-g140_male_gonad_inc-d3,gonad,inc,male,D3,normal
x-r64-g140_male_hypothalamus_inc-d3,hypo,inc,male,D3,normal
x-r64-g140_male_pituitary_inc-d3,pit,inc,male,D3,normal
y13-x_female_gonad_inc-d3,gonad,inc,female,D3,normal
y13-x_female_hypothalamus_inc-d3,hypo,inc,female,D3,normal
y13-x_female_pituitary_inc-d3,pit,inc,female,D3,normal
y149-r52-x_male_gonad_inc-d3,gonad,inc,male,D3,normal
y149-r52-x_male_hypothalamus_inc-d3,hypo,inc,male,D3,normal
y149-r52-x_male_pituitary_inc-d3,pit,inc,male,D3,normal
y18-x_male_gonad_m-inc-d3,gonad,inc,male,D3,manipulate
y18-x_male_hypothalamus_m-inc-d3,hypo,inc,male,D3,manipulate
y18-x_male_pituitary_m-inc-d3,pit,inc,male,D3,manipulate
y98-o50-x_male_gonad_inc-d3,gonad,inc,male,D3,normal
y98-o50-x_male_hypothalamus_inc-d3,hypo,inc,male,D3,normal
y98-o50-x_male_pituitary_inc-d3,pit,inc,male,D3,normal
blk19-x_female_gonad_extend,gonad,extend,female,D30,manipulate
blk19-x_female_hypothalamus_extend,hypo,extend,female,D30,manipulate
blk19-x_female_pituitary_extend,pit,extend,female,D30,manipulate
blu44-y102_female_gonad_extend,gonad,extend,female,D30,manipulate
blu44-y102_female_hypothalamus_extend,hypo,extend,female,D30,manipulate
blu44-y102_female_pituitary_extend,pit,extend,female,D30,manipulate
blu84-x_male_gonad_extend-hatch,gonad,extend,male,D30,manipulate
blu84-x_male_hypothalamus_extend-hatch,hypo,extend,male,D30,manipulate
blu84-x_male_pituitary_extend-hatch,pit,extend,male,D30,manipulate
g-s351-pk-w_male_gonad_extend,gonad,extend,male,D30,manipulate
g-s351-pk-w_male_hypothalamus_extend,hypo,extend,male,D30,manipulate
g-s351-pk-w_male_pituitary_extend,pit,extend,male,D30,manipulate
g17-w108-x_female_gonad_extend,gonad,extend,female,D30,manipulate
g17-w108-x_female_hypothalamus_extend,hypo,extend,female,D30,manipulate
g17-w108-x_female_pituitary_extend,pit,extend,female,D30,manipulate
g22-blu118_female_gonad_extend,gonad,extend,female,D30,manipulate
g22-blu118_female_hypothalamus_extend,hypo,extend,female,D30,manipulate
g22-blu118_female_pituitary_extend,pit,extend,female,D30,manipulate
g3-g119-w20_male_gonad_extend,gonad,extend,male,D30,manipulate
g3-g119-w20_male_hypothalamus_extend,hypo,extend,male,D30,manipulate
g3-g119-w20_male_pituitary_extend,pit,extend,male,D30,manipulate
g8-y197_male_gonad_extend,gonad,extend,male,D30,manipulate
g8-y197_male_hypothalamus_extend,hypo,extend,male,D30,manipulate
g8-y197_male_pituitary_extend,pit,extend,male,D30,manipulate
l-s-o-blk_male_gonad_extend,gonad,extend,male,D30,manipulate
l-s-o-blk_male_hypothalamus_extend,hypo,extend,male,D30,manipulate
l-s-o-blk_male_pituitary_extend,pit,extend,male,D30,manipulate
r-s057-g-pk_male_gonad_extend,gonad,extend,male,D30,manipulate
r-s057-g-pk_male_hypothalamus_extend,hypo,extend,male,D30,manipulate
r-s057-g-pk_male_pituitary_extend,pit,extend,male,D30,manipulate
r-s086-l-blk_male_gonad_extend,gonad,extend,male,D30,manipulate
r-s086-l-blk_male_hypothalamus_extend,hypo,extend,male,D30,manipulate
r-s086-l-blk_male_pituitary_extend,pit,extend,male,D30,manipulate
r-s131-o-d_female_gonad_extend,gonad,extend,female,D30,manipulate
r-s131-o-d_female_hypothalamus_extend,hypo,extend,female,D30,manipulate
r-s131-o-d_female_pituitary_extend,pit,extend,female,D30,manipulate
r-s172-l-y_male_gonad_extend,gonad,extend,male,D30,manipulate
r-s172-l-y_male_hypothalamus_extend,hypo,extend,male,D30,manipulate
r-s172-l-y_male_pituitary_extend,pit,extend,male,D30,manipulate
s089-blk-pk-pu_female_gonad_extend,gonad,extend,female,D30,manipulate
s089-blk-pk-pu_female_hypothalamus_extend,hypo,extend,female,D30,manipulate
s089-blk-pk-pu_female_pituitary_extend,pit,extend,female,D30,manipulate
s137-g-blk-y_female_gonad_extend,gonad,extend,female,D30,manipulate
s137-g-blk-y_female_hypothalamus_extend,hypo,extend,female,D30,manipulate
s137-g-blk-y_female_pituitary_extend,pit,extend,female,D30,manipulate
s186-l-o-pk_female_gonad_extend,gonad,extend,female,D30,manipulate
s186-l-o-pk_female_hypothalamus_extend,hypo,extend,female,D30,manipulate
s186-l-o-pk_female_pituitary_extend,pit,extend,female,D30,manipulate
x-blu69_male_gonad_extend,gonad,extend,male,D30,manipulate
x-blu69_male_hypothalamus_extend,hypo,extend,male,D30,manipulate
x-blu69_male_pituitary_extend,pit,extend,male,D30,manipulate
x-blu73_male_gonad_extend,gonad,extend,male,D30,manipulate
x-blu73_male_hypothalamus_extend,hypo,extend,male,D30,manipulate
x-blu73_male_pituitary_extend,pit,extend,male,D30,manipulate
x-o61_female_gonad_extend-hatch,gonad,extend,female,D30,manipulate
x-o61_female_hypothalamus_extend-hatch,hypo,extend,female,D30,manipulate
x-o61_female_pituitary_extend-hatch,pit,extend,female,D30,manipulate
x-y64_female_gonad_extend,gonad,extend,female,D30,manipulate
x-y64_female_hypothalamus_extend,hypo,extend,female,D30,manipulate
x-y64_female_pituitary_extend,pit,extend,female,D30,manipulate
blk-y-l-s109_female_gonad_m-inc-d8,gonad,inc,female,D8,manipulate
blk-y-l-s109_female_hypothalamus_m-inc-d8,hypo,inc,female,D8,manipulate
blk-y-l-s109_female_pituitary_m-inc-d8,pit,inc,female,D8,manipulate
blu119-w84-x_female_gonad_m-inc-d8,gonad,inc,female,D8,manipulate
blu119-w84-x_female_hypothalamus_m-inc-d8,hypo,inc,female,D8,manipulate
blu119-w84-x_female_pituitary_m-inc-d8,pit,inc,female,D8,manipulate
blu80-r97_female_gonad_m-inc-d8,gonad,inc,female,D8,manipulate
blu80-r97_female_hypothalamus_m-inc-d8,hypo,inc,female,D8,manipulate
blu80-r97_female_pituitary_m-inc-d8,pit,inc,female,D8,manipulate
g-s111-r-blk_male_gonad_m-inc-d8,gonad,inc,male,D8,manipulate
g-s111-r-blk_male_hypothalamus_m-inc-d8,hypo,inc,male,D8,manipulate
g-s111-r-blk_male_pituitary_m-inc-d8,pit,inc,male,D8,manipulate
g-s179-o-pk_male_gonad_m-inc-d8,gonad,inc,male,D8,manipulate
g-s179-o-pk_male_hypothalamus_m-inc-d8,hypo,inc,male,D8,manipulate
g-s179-o-pk_male_pituitary_m-inc-d8,pit,inc,male,D8,manipulate
g137-r24-w5_male_gonad_m-inc-d8,gonad,inc,male,D8,manipulate
g137-r24-w5_male_hypothalamus_m-inc-d8,hypo,inc,male,D8,manipulate
g137-r24-w5_male_pituitary_m-inc-d8,pit,inc,male,D8,manipulate
p-g-blk-s040_female_gonad_m-inc-d8,gonad,inc,female,D8,manipulate
p-g-blk-s040_female_hypothalamus_m-inc-d8,hypo,inc,female,D8,manipulate
p-g-blk-s040_female_pituitary_m-inc-d8,pit,inc,female,D8,manipulate
pk-s055-d-l_female_gonad_m-inc-d8,gonad,inc,female,D8,manipulate
pk-s055-d-l_female_hypothalamus_m-inc-d8,hypo,inc,female,D8,manipulate
pk-s055-d-l_female_pituitary_m-inc-d8,pit,inc,female,D8,manipulate
pu-blk-s102-y_male_gonad_m-inc-d8,gonad,inc,male,D8,manipulate
pu-blk-s102-y_male_hypothalamus_m-inc-d8,hypo,inc,male,D8,manipulate
pu-blk-s102-y_male_pituitary_m-inc-d8,pit,inc,male,D8,manipulate
r-s058-d-l_male_gonad_m-inc-d8,gonad,inc,male,D8,manipulate
r-s058-d-l_male_hypothalamus_m-inc-d8,hypo,inc,male,D8,manipulate
r-s058-d-l_male_pituitary_m-inc-d8,pit,inc,male,D8,manipulate
r4-x_male_gonad_m-inc-d8,gonad,inc,male,D8,manipulate
r4-x_male_hypothalamus_m-inc-d8,hypo,inc,male,D8,manipulate
r4-x_male_pituitary_m-inc-d8,pit,inc,male,D8,manipulate
s002-x_female_gonad_m-inc-d8,gonad,inc,female,D8,manipulate
s002-x_female_hypothalamus_m-inc-d8,hypo,inc,female,D8,manipulate
s002-x_female_pituitary_m-inc-d8,pit,inc,female,D8,manipulate
s044-blk-d-r_male_gonad_m-inc-d8,gonad,inc,male,D8,manipulate
s044-blk-d-r_male_hypothalamus_m-inc-d8,hypo,inc,male,D8,manipulate
s044-blk-d-r_male_pituitary_m-inc-d8,pit,inc,male,D8,manipulate
s067-o-l-y_male_gonad_m-inc-d8,gonad,inc,male,D8,manipulate
s067-o-l-y_male_hypothalamus_m-inc-d8,hypo,inc,male,D8,manipulate
s067-o-l-y_male_pituitary_m-inc-d8,pit,inc,male,D8,manipulate
s091-blk-r-g_female_gonad_m-inc-d8,gonad,inc,female,D8,manipulate
s091-blk-r-g_female_hypothalamus_m-inc-d8,hypo,inc,female,D8,manipulate
s091-blk-r-g_female_pituitary_m-inc-d8,pit,inc,female,D8,manipulate
x-g26_female_gonad_m-inc-d8,gonad,inc,female,D8,manipulate
x-g26_female_hypothalamus_m-inc-d8,hypo,inc,female,D8,manipulate
x-g26_female_pituitary_m-inc-d8,pit,inc,female,D8,manipulate
x-s188_female_gonad_m-inc-d8,gonad,inc,female,D8,manipulate
x-s188_female_hypothalamus_m-inc-d8,hypo,inc,female,D8,manipulate
x-s188_female_pituitary_m-inc-d8,pit,inc,female,D8,manipulate
x-y5_female_gonad_m-inc-d8,gonad,inc,female,D8,manipulate
x-y5_female_hypothalamus_m-inc-d8,hypo,inc,female,D8,manipulate
x-y5_female_pituitary_m-inc-d8,pit,inc,female,D8,manipulate
x-y51_male_gonad_m-inc-d8,gonad,inc,male,D8,manipulate
x-y51_male_hypothalamus_m-inc-d8,hypo,inc,male,D8,manipulate
x-y51_male_pituitary_m-inc-d8,pit,inc,male,D8,manipulate
y55-x_male_gonad_m-inc-d8,gonad,inc,male,D8,manipulate
y55-x_male_hypothalamus_m-inc-d8,hypo,inc,male,D8,manipulate
y55-x_male_pituitary_m-inc-d8,pit,inc,male,D8,manipulate
blk-s061-pu-y_female_gonad_inc-d9,gonad,inc,female,D9,normal
blk-s061-pu-y_female_hypothalamus_inc-d9,hypo,inc,female,D9,normal
blk-s061-pu-y_female_pituitary_inc-d9,pit,inc,female,D9,normal
blu108-w40-o158_male_gonad_inc-d9,gonad,inc,male,D9,normal
blu108-w40-o158_male_hypothalamus_inc-d9,hypo,inc,male,D9,normal
blu108-w40-o158_male_pituitary_inc-d9,pit,inc,male,D9,normal
blu47-y96-x_female_gonad_inc-d9,gonad,inc,female,D9,normal
blu47-y96-x_female_hypothalamus_inc-d9,hypo,inc,female,D9,normal
blu47-y96-x_female_pituitary_inc-d9,pit,inc,female,D9,normal
blu63-g62_female_gonad_m-inc-d9,gonad,inc,female,D9,manipulate
blu63-g62_female_hypothalamus_m-inc-d9,hypo,inc,female,D9,manipulate
blu63-g62_female_pituitary_m-inc-d9,pit,inc,female,D9,manipulate
d-r-blk-s159_female_gonad_m-inc-d9,gonad,inc,female,D9,manipulate
d-r-blk-s159_female_hypothalamus_m-inc-d9,hypo,inc,female,D9,manipulate
d-r-blk-s159_female_pituitary_m-inc-d9,pit,inc,female,D9,manipulate
g73-x_female_gonad_m-inc-d9,gonad,inc,female,D9,manipulate
g73-x_female_hypothalamus_m-inc-d9,hypo,inc,female,D9,manipulate
g73-x_female_pituitary_m-inc-d9,pit,inc,female,D9,manipulate
g75-x_female_gonad_inc-d9,gonad,inc,female,D9,normal
g75-x_female_hypothalamus_inc-d9,hypo,inc,female,D9,normal
g75-x_female_pituitary_inc-d9,pit,inc,female,D9,normal
l-s280-g-blk_male_gonad_m-inc-d9,gonad,inc,male,D9,manipulate
l-s280-g-blk_male_hypothalamus_m-inc-d9,hypo,inc,male,D9,manipulate
l-s280-g-blk_male_pituitary_m-inc-d9,pit,inc,male,D9,manipulate
o-d-s009_male_gonad_m-inc-d9,gonad,inc,male,D9,manipulate
o-d-s009_male_hypothalamus_m-inc-d9.NYNO,hypo,inc,male,D9,manipulate
o-d-s009_male_pituitary_m-inc-d9,pit,inc,male,D9,manipulate
o36-r62-x_female_gonad_m-inc-d9,gonad,inc,female,D9,manipulate
o36-r62-x_female_hypothalamus_m-inc-d9,hypo,inc,female,D9,manipulate
o36-r62-x_female_pituitary_m-inc-d9,pit,inc,female,D9,manipulate
o45-g128-x_female_gonad_m-inc-d9.NYNO,gonad,inc,female,D9,manipulate
o45-g128-x_female_hypothalamus_m-inc-d9,hypo,inc,female,D9,manipulate
o45-g128-x_female_pituitary_m-inc-d9,pit,inc,female,D9,manipulate
o49-x_male_gonad_inc-d9,gonad,inc,male,D9,normal
o49-x_male_hypothalamus_inc-d9,hypo,inc,male,D9,normal
o49-x_male_pituitary_inc-d9,pit,inc,male,D9,normal
o57-g59_male_gonad_inc-d9,gonad,inc,male,D9,normal
o57-g59_male_hypothalamus_inc-d9,hypo,inc,male,D9,normal
o57-g59_male_pituitary_inc-d9,pit,inc,male,D9,normal
o73-x_female_gonad_inc-d9,gonad,inc,female,D9,normal
o73-x_female_hypothalamus_inc-d9,hypo,inc,female,D9,normal
o73-x_female_pituitary_inc-d9,pit,inc,female,D9,normal
r196-x_male_gonad_m-inc-d9,gonad,inc,male,D9,manipulate
r196-x_male_hypothalamus_m-inc-d9,hypo,inc,male,D9,manipulate
r196-x_male_pituitary_m-inc-d9,pit,inc,male,D9,manipulate
r30-w112-r46_female_gonad_inc-d9,gonad,inc,female,D9,normal
r30-w112-r46_female_hypothalamus_inc-d9,hypo,inc,female,D9,normal
r30-w112-r46_female_pituitary_inc-d9,pit,inc,female,D9,normal
r36-w184-x_female_gonad_inc-d9,gonad,inc,female,D9,normal
r36-w184-x_female_hypothalamus_inc-d9,hypo,inc,female,D9,normal
r36-w184-x_female_pituitary_inc-d9,pit,inc,female,D9,normal
r45-X_male_gonad_inc-d9,gonad,inc,male,D9,normal
r45-x_male_hypothalamus_inc-d9,hypo,inc,male,D9,normal
r45-X_male_pituitary_inc-d9,pit,inc,male,D9,normal
r84-x_male_gonad_m-inc-d9,gonad,inc,male,D9,manipulate
r84-x_male_hypothalamus_m-inc-d9,hypo,inc,male,D9,manipulate
r84-x_male_pituitary_m-inc-d9,pit,inc,male,D9,manipulate
r85-g39_male_gonad_m-inc-d9.NYNO,gonad,inc,male,D9,manipulate
r85-g39_male_hypothalamus_m-inc-d9,hypo,inc,male,D9,manipulate
r85-g39_male_pituitary_m-inc-d9.NYNO,pit,inc,male,D9,manipulate
w34-x_male_gonad_inc-d9,gonad,inc,male,D9,normal
w34-x_male_hypothalamus_inc-d9,hypo,inc,male,D9,normal
w34-x_male_pituitary_inc-d9,pit,inc,male,D9,normal
x-blu101-w43_female_gonad_inc-d9,gonad,inc,female,D9,normal
x-blu101-w43_female_hypothalamus_inc-d9,hypo,inc,female,D9,normal
x-blu101-w43_female_pituitary_inc-d9,pit,inc,female,D9,normal
x-blu106-o153_male_gonad_inc-d9.NYNO,gonad,inc,male,D9,normal
x-blu106-o153_male_hypothalamus_inc-d9,hypo,inc,male,D9,normal
x-blu106-o153_male_pituitary_inc-d9.NYNO,pit,inc,male,D9,normal
x-blu122-r66_female_gonad_inc-d9,gonad,inc,female,D9,normal
x-blu122-r66_female_hypothalamus_inc-d9,hypo,inc,female,D9,normal
x-blu122-r66_female_pituitary_inc-d9,pit,inc,female,D9,normal
x-blu25_female_gonad_m-inc-d9,gonad,inc,female,D9,manipulate
x-blu25_female_hypothalamus_m-inc-d9,hypo,inc,female,D9,manipulate
x-blu25_female_pituitary_m-inc-d9,pit,inc,female,D9,manipulate
x-g13-w109_male_gonad_inc-d9,gonad,inc,male,D9,normal
x-g13-w109_male_hypothalamus_inc-d9,hypo,inc,male,D9,normal
x-g13-w109_male_pituitary_inc-d9,pit,inc,male,D9,normal
x-g9-o166_female_gonad_inc-d9.NYNO,gonad,inc,female,D9,normal
x-g9-o166_female_hypothalamus_inc-d9,hypo,inc,female,D9,normal
x-g9-o166_female_pituitary_inc-d9.NYNO,pit,inc,female,D9,normal
x-o117_male_gonad_m-inc-d9,gonad,inc,male,D9,manipulate
x-o117_male_hypothalamus_m-inc-d9,hypo,inc,male,D9,manipulate
x-o117_male_pituitary_m-inc-d9,pit,inc,male,D9,manipulate
x-o47-y82_male_gonad_inc-d9,gonad,inc,male,D9,normal
x-o47-y82_male_hypothalamus_inc-d9,hypo,inc,male,D9,normal
x-o47-y82_male_pituitary_inc-d9,pit,inc,male,D9,normal
x-r76_female_gonad_m-inc-d9,gonad,inc,female,D9,manipulate
x-r76_female_hypothalamus_m-inc-d9,hypo,inc,female,D9,manipulate
x-r76_female_pituitary_m-inc-d9,pit,inc,female,D9,manipulate
x-w192-o157_male_gonad_inc-d9,gonad,inc,male,D9,normal
x-w192-o157_male_hypothalamus_inc-d9,hypo,inc,male,D9,normal
x-w192-o157_male_pituitary_inc-d9,pit,inc,male,D9,normal
x-y109_female_gonad_inc-d9,gonad,inc,female,D9,normal
x-y109_female_hypothalamus_inc-d9,hypo,inc,female,D9,normal
x-y109_female_pituitary_inc-d9,pit,inc,female,D9,normal
x-y141-w116_male_gonad_inc-d9,gonad,inc,male,D9,normal
x-y141-w116_male_hypothalamus_inc-d9,hypo,inc,male,D9,normal
x-y141-w116_male_pituitary_inc-d9,pit,inc,male,D9,normal
x-y93-g126_female_gonad_inc-d9,gonad,inc,female,D9,normal
x-y93-g126_female_hypothalamus_inc-d9,hypo,inc,female,D9,normal
x-y93-g126_female_pituitary_inc-d9,pit,inc,female,D9,normal
y-w-blk_male_gonad_m-inc-d9,gonad,inc,male,D9,manipulate
y-w-blk_male_hypothalamus_m-inc-d9,hypo,inc,male,D9,manipulate
y-w-blk_male_pituitary_m-inc-d9,pit,inc,male,D9,manipulate
y12-x_female_gonad_m-inc-d9,gonad,inc,female,D9,manipulate
y12-x_female_hypothalamus_m-inc-d9,hypo,inc,female,D9,manipulate
y12-x_female_pituitary_m-inc-d9,pit,inc,female,D9,manipulate
y128-g23-x_female_gonad_inc-d9,gonad,inc,female,D9,normal
y128-g23-x_female_hypothalamus_m-inc-d9,hypo,inc,female,D9,manipulate
y128-g23-x_female_pituitary_inc-d9,pit,inc,female,D9,normal
y140-w119-x_female_gonad_inc-d9,gonad,inc,female,D9,normal
y140-w119-x_female_hypothalamus_inc-d9,hypo,inc,female,D9,normal
y140-w119-x_female_pituitary_inc-d9,pit,inc,female,D9,normal
y63-x_male_gonad_m-inc-d9,gonad,inc,male,D9,manipulate
y63-x_male_hypothalamus_m-inc-d9,hypo,inc,male,D9,manipulate
y63-x_male_pituitary_m-inc-d9,pit,inc,male,D9,manipulate
y95-g131-x_male_gonad_inc-d9,gonad,inc,male,D9,normal
y95-g131-x_male_hypothalamus_inc-d9,hypo,inc,male,D9,normal
y95-g131-x_male_pituitary_inc-d9,pit,inc,male,D9,normal
